"reviewer_name","rating","comment","date","product_slug"
"Júnior Souza","3","Chegou bem embalado e no prazo. O Intruder Mach é ainda mais bonito pessoalmente do que nas fotos. Muito satisfeito.","2024-07-17","tenis-caterpillar-intruder-mach"
"Fernanda Lima","4","Produto excelente. O Intruder Mach tem um design que impressiona e um conforto que surpreende. Recomendo sem reservas.","2023-07-29","tenis-caterpillar-intruder-mach"
"Odirlei Carvalho","4","Produto de alta qualidade com design único. O Intruder Mach é diferente de tudo que existe no mercado.","2025-05-14","tenis-caterpillar-intruder-mach"
"Rafael Pereira","4","O Intruder Mach tem um visual incrível e o conforto é excelente. Uso no dia a dia e recebo elogios sempre que saio com ele.","2024-04-21","tenis-caterpillar-intruder-mach"
"Amílcar Santos","3","O Caterpillar Intruder Mach é um tênis com presença. Chama atenção pelo visual marcante e pela qualidade do material.","2024-02-12","tenis-caterpillar-intruder-mach"
"Wanderson Cardoso","5","Comprei para usar na academia e nas ruas. O Intruder Mach é versátil e tem um visual muito diferenciado.","2025-05-09","tenis-caterpillar-intruder-mach"
"Jonas Marques","5","O Caterpillar Intruder Mach é o tênis mais bonito que já tive. Robusto, estiloso e muito bem acabado.","2023-01-14","tenis-caterpillar-intruder-mach"
"Magno Ferreira","5","Comprei o Intruder Mach azul e ficou incrível. A combinação de cores é perfeita e o material é de altíssima qualidade.","2024-11-27","tenis-caterpillar-intruder-mach"
"Mariana Alves","4","Tênis robusto e muito estiloso. O solado do Intruder Mach é excelente e proporciona bom amortecimento no dia a dia.","2024-11-20","tenis-caterpillar-intruder-mach"
"Renato Gomes","5","Produto de alta qualidade, como esperado da Caterpillar. O Intruder Mach é confortável desde o primeiro uso e muito estiloso.","2025-01-05","tenis-caterpillar-intruder-mach"
"Rosana Carvalho","4","O Caterpillar Intruder Mach é um tênis com presença. Chama atenção pelo visual marcante e pela qualidade do material.","2023-03-30","tenis-caterpillar-intruder-mach"
"Zilair Freitas","5","Comprei para usar no trabalho e no lazer. O Intruder Mach atende os dois contextos com muita qualidade.","2025-02-14","tenis-caterpillar-intruder-mach"
"Felipe Nunes","4","O visual do Intruder Mach lembra os melhores modelos militares. Robusto, resistente e muito estiloso.","2025-01-10","tenis-caterpillar-intruder-mach"
"Brunno Lima","5","Muito satisfeito com a compra. O Caterpillar Intruder Mach é resistente, confortável e muito bem acabado.","2023-04-04","tenis-caterpillar-intruder-mach"
"Marcelinho Pereira","5","Produto excelente. O Intruder Mach tem um design que impressiona e um conforto que surpreende. Recomendo sem reservas.","2023-06-13","tenis-caterpillar-intruder-mach"
"Kleber Andrade","5","Visual único e material resistente. O Intruder Mach é diferente de tudo que já usei. Recomendo muito para quem busca um tênis marcante.","2025-07-17","tenis-caterpillar-intruder-mach"
"Júnior Souza","4","Qualidade Caterpillar em um modelo com visual marcante. O Intruder Mach não decepciona em nada.","2024-12-28","tenis-caterpillar-intruder-mach"
"Danilo Moreira","4","O solado robusto do Intruder Mach dá segurança e amortecimento. Produto de qualidade incomparável.","2023-05-27","tenis-caterpillar-intruder-mach"
"Fabrício Alves","4","Muito satisfeito com o Intruder Mach. Design moderno, material de qualidade e conforto para o dia a dia.","2024-05-16","tenis-caterpillar-intruder-mach"
"Adriano Correia","5","Comprei para usar no trabalho e no lazer. O Intruder Mach atende os dois contextos com muita qualidade.","2026-02-14","tenis-caterpillar-intruder-mach"
"Jonas Marques","4","Tênis com design arrojado e material de primeira. O Intruder Mach é um dos melhores tênis que já comprei.","2023-04-25","tenis-caterpillar-intruder-mach"
"Kleber Andrade","5","Tênis com acabamento impecável e estrutura muito bem feita. O Intruder Mach entrega estilo e durabilidade ao mesmo tempo.","2025-04-01","tenis-caterpillar-intruder-mach"
"Camila Ferreira","4","O Caterpillar Intruder Mach superou minhas expectativas. Solado robusto, material de qualidade e um visual que combina com tudo.","2026-03-07","tenis-caterpillar-intruder-mach"
"Wanderson Cardoso","4","Comprei para meu marido e ele adorou. O Intruder Mach é exatamente o estilo que ele gosta, robusto e estiloso.","2025-10-19","tenis-caterpillar-intruder-mach"
"Reinaldo Cruz","5","Comprei para usar na academia e nas ruas. O Intruder Mach é versátil e tem um visual muito diferenciado.","2024-06-26","tenis-caterpillar-intruder-mach"
"Lucas Barbosa","5","A estrutura do Intruder Mach é muito sólida. O solado grossa oferece boa proteção e amortecimento para o dia a dia.","2026-01-08","tenis-caterpillar-intruder-mach"
"Juliana Martins","5","Excelente produto. O Intruder Mach tem tudo que eu procurava: estilo, qualidade e conforto para o uso diário.","2026-04-10","tenis-caterpillar-intruder-mach"
"Sinval Duarte","4","Qualidade Caterpillar em um modelo com visual marcante. O Intruder Mach não decepciona em nada.","2023-10-11","tenis-caterpillar-intruder-mach"
"Beto Pereira","4","Muito bom o produto. O Intruder Mach tem um acabamento que você não encontra em tênis comuns. Recomendo.","2023-04-07","tenis-caterpillar-intruder-mach"
"Guilherme Castro","5","Tênis robusto e muito estiloso. O solado do Intruder Mach é excelente e proporciona bom amortecimento no dia a dia.","2025-05-14","tenis-caterpillar-intruder-mach"
"Enderson Ferreira","5","O Caterpillar Intruder Mach superou minhas expectativas. Solado robusto, material de qualidade e um visual que combina com tudo.","2026-05-05","tenis-caterpillar-intruder-mach"
"Kenio Marques","4","Comprei para presentear e a pessoa ficou muito feliz. O Intruder Mach é um presente e tanto para quem gosta de estilo.","2026-02-07","tenis-caterpillar-intruder-mach"
"Eduardo Costa","5","Tênis com design arrojado e material de primeira. O Intruder Mach é um dos melhores tênis que já comprei.","2026-01-04","tenis-caterpillar-intruder-mach"
"Edinho Andrade","5","O Caterpillar Intruder Mach é o tênis que eu precisava. Estiloso, resistente e muito confortável. Recomendo para todos.","2024-11-27","tenis-caterpillar-intruder-mach"
"Guilherme Castro","5","Material de primeira qualidade e acabamento impecável. O Intruder Mach é um investimento que vale a pena.","2025-07-18","tenis-caterpillar-intruder-mach"
"Carlos Souza","5","Comprei com base nas avaliações e não me decepcionei. O Intruder Mach é um tênis de alta qualidade com design diferenciado.","2024-01-01","tenis-caterpillar-intruder-mach"
"Amílcar Santos","5","Visual único e material resistente. O Intruder Mach é diferente de tudo que já usei. Recomendo muito para quem busca um tênis marcante.","2024-09-03","tenis-caterpillar-intruder-mach"
"Júnior Souza","5","O Caterpillar Intruder Mach é mais confortável do que parece pelas fotos. O interior é bem acolchoado e agradável.","2023-11-10","tenis-caterpillar-intruder-mach"
"Raimundo Marques","5","Comprei o Intruder Mach azul e ficou incrível. A combinação de cores é perfeita e o material é de altíssima qualidade.","2025-12-22","tenis-caterpillar-intruder-mach"
"Carlos Souza","4","O Caterpillar Intruder Mach é um tênis com presença. Chama atenção pelo visual marcante e pela qualidade do material.","2023-02-09","tenis-caterpillar-intruder-mach"
"Guilherme Castro","5","Qualidade Caterpillar em um modelo com visual marcante. O Intruder Mach não decepciona em nada.","2024-09-21","tenis-caterpillar-intruder-mach"
"Patrícia Sousa","4","Comprei para uso casual e o tênis é perfeito. O design do Intruder Mach é moderno e o material tem qualidade premium.","2026-03-07","tenis-caterpillar-intruder-mach"
"Felipe Nunes","5","Produto de alta qualidade, como esperado da Caterpillar. O Intruder Mach é confortável desde o primeiro uso e muito estiloso.","2023-05-22","tenis-caterpillar-intruder-mach"
"Magno Ferreira","5","Produto de alta qualidade com design único. O Intruder Mach é diferente de tudo que existe no mercado.","2023-09-20","tenis-caterpillar-intruder-mach"
"Marcelinho Pereira","5","Material resistente e design diferenciado. O Intruder Mach é um tênis que transmite força e personalidade.","2023-12-05","tenis-caterpillar-intruder-mach"
"Juliana Martins","5","O bico Composite do StreamLine é mais leve do que o aço mas com a mesma proteção. Isso faz enorme diferença no fim do dia.","2025-05-16","caterpillar-streamline"
"Emerson Dias","5","Produto bem construído e com ótimo acabamento. O StreamLine é ideal para quem precisa de segurança sem abrir mão do conforto.","2024-02-16","caterpillar-streamline"
"Wanderson Cardoso","5","O Caterpillar StreamLine é o melhor investimento que fiz para o meu trabalho. Conforto prolongado e segurança garantida.","2025-02-03","caterpillar-streamline"
"Gonçalo Mendes","5","O bico Composite do StreamLine é mais leve do que o aço mas com a mesma proteção. Isso faz enorme diferença no fim do dia.","2024-05-22","caterpillar-streamline"
"Jonas Marques","4","O bico de proteção em material composto do StreamLine é incrível. Proteção total sem aquele peso das botas tradicionais de aço.","2026-04-19","caterpillar-streamline"
"Ismar Rocha","5","Trabalho em ambiente exigente e o StreamLine atende todas as necessidades de segurança com muito mais conforto.","2023-01-15","caterpillar-streamline"
"Leandro Rocha","5","O Caterpillar StreamLine me deu segurança e conforto que eu não encontrava em outros calçados de proteção.","2024-04-13","caterpillar-streamline"
"Bruno Ferreira","5","Design esportivo com segurança de bota de trabalho. O StreamLine é o equilíbrio perfeito entre estilo e proteção.","2023-05-26","caterpillar-streamline"
"Beto Pereira","4","O material composto do bico de proteção do StreamLine é incrível. Leve, resistente e muito eficiente.","2025-09-21","caterpillar-streamline"
"Emerson Dias","4","Produto bem construído e com ótimo acabamento. O StreamLine é ideal para quem precisa de segurança sem abrir mão do conforto.","2026-03-15","caterpillar-streamline"
"Brunno Lima","4","Trabalho em armazém e o StreamLine me deu muito mais conforto do que as botas que usava antes. Recomendo muito.","2025-08-26","caterpillar-streamline"
"Valdomiro Rodrigues","4","Produto de altíssima qualidade. O StreamLine tem um bico de proteção que me dá segurança sem o peso excessivo do aço.","2025-06-01","caterpillar-streamline"
"Nelson Freitas","5","Comprei para usar em construção e o StreamLine atende perfeitamente. Leve, seguro e muito confortável.","2023-04-21","caterpillar-streamline"
"Odirlei Carvalho","5","O StreamLine é o tênis de segurança que eu precisava. Leve, seguro e com design que combina com o cotidiano.","2023-07-21","caterpillar-streamline"
"Thiago Alves","5","O StreamLine chegou no prazo e em perfeitas condições. A qualidade é evidente e o conforto é imediato.","2023-08-12","caterpillar-streamline"
"Fernanda Lima","4","Produto de altíssima qualidade. O StreamLine tem um bico de proteção que me dá segurança sem o peso excessivo do aço.","2025-07-07","caterpillar-streamline"
"Lucas Barbosa","4","Comprei para usar em construção e o StreamLine atende perfeitamente. Leve, seguro e muito confortável.","2025-08-05","caterpillar-streamline"
"Fernanda Lima","5","O bico de proteção em material composto do StreamLine é incrível. Proteção total sem aquele peso das botas tradicionais de aço.","2026-02-01","caterpillar-streamline"
"Fábio Mendes","5","Uso o StreamLine em ambiente de trabalho exigente e ele atende tudo. A estrutura leve não cansa o pé mesmo após horas de uso.","2026-01-12","caterpillar-streamline"
"Eduardo Costa","5","Comprei o StreamLine para trabalhar em obra e o conforto é incomparável. A palmilha ortopédica faz toda a diferença.","2024-04-29","caterpillar-streamline"
"Cláudio Pinto","5","Muito bom o StreamLine. A palmilha ortopédica proporciona conforto prolongado e o bico de proteção oferece segurança.","2024-03-13","caterpillar-streamline"
"Sinval Duarte","4","Uso o StreamLine em ambiente de trabalho exigente e ele atende tudo. A estrutura leve não cansa o pé mesmo após horas de uso.","2023-01-05","caterpillar-streamline"
"Wellington Sousa","5","Comprei para substituir uma bota de segurança pesada e a diferença foi enorme. O StreamLine é muito mais confortável.","2025-07-20","caterpillar-streamline"
"Tatiana Costa","5","Comprei para usar em construção e o StreamLine atende perfeitamente. Leve, seguro e muito confortável.","2026-02-12","caterpillar-streamline"
"Marcelinho Pereira","5","O Caterpillar StreamLine me deu segurança e conforto que eu não encontrava em outros calçados de proteção.","2024-01-24","caterpillar-streamline"
"Renata Gomes","5","Muito satisfeito com o StreamLine. O conforto para uso prolongado é excelente e o design é muito mais moderno que botas comuns.","2026-04-01","caterpillar-streamline"
"Aguinaldo Moreira","4","Produto bem construído e com ótimo acabamento. O StreamLine é ideal para quem precisa de segurança sem abrir mão do conforto.","2024-10-04","caterpillar-streamline"
"Thiago Alves","5","Uso o StreamLine em ambiente de trabalho exigente e ele atende tudo. A estrutura leve não cansa o pé mesmo após horas de uso.","2025-10-26","caterpillar-streamline"
"Dedé Carvalho","4","Tênis de segurança que não parece tênis de segurança. O StreamLine tem visual esportivo moderno e proteção de alto nível.","2025-11-06","caterpillar-streamline"
"Felipe Nunes","4","Excelente produto para quem trabalha em ambientes de risco. O StreamLine une conforto e segurança com perfeição.","2026-05-03","caterpillar-streamline"
"Bruno Ferreira","5","Muito bom o produto. O StreamLine tem conforto prolongado e o bico Composite é excelente para ambientes de risco.","2025-04-06","caterpillar-streamline"
"Sandro Ribeiro","4","Muito satisfeito com a compra. O StreamLine entrega o que promete: conforto prolongado com segurança Composite Toe.","2026-05-02","caterpillar-streamline"
"Anderson Lima","4","Produto de alta qualidade com proteção real. O StreamLine com bico Composite é ideal para ambientes de trabalho exigentes.","2026-04-10","caterpillar-streamline"
"Alexsandro Sousa","4","O bico Composite do StreamLine é mais leve do que o aço mas com a mesma proteção. Isso faz enorme diferença no fim do dia.","2024-06-18","caterpillar-streamline"
"Danilo Moreira","5","Qualidade Caterpillar em um modelo de segurança. O StreamLine não decepciona em nada. Recomendo muito.","2024-05-03","caterpillar-streamline"
"Juliana Martins","4","O StreamLine chegou no prazo e em perfeitas condições. A qualidade é evidente e o conforto é imediato.","2024-09-06","caterpillar-streamline"
"Ítalo Dias","5","Tênis de segurança muito bem feito. O StreamLine tem acabamento impecável e o bico Composite Toe oferece proteção real.","2023-05-29","caterpillar-streamline"
"Eduardo Costa","5","Produto de qualidade superior. O StreamLine tem design moderno e a proteção do bico Composite é excelente.","2026-02-27","caterpillar-streamline"
"Fábio Mendes","5","O bico de proteção em material composto do StreamLine é incrível. Proteção total sem aquele peso das botas tradicionais de aço.","2025-11-02","caterpillar-streamline"
"Juliana Martins","5","O design esportivo do StreamLine permite usar tanto no trabalho quanto no lazer. Muito versátil e bem construído.","2023-05-21","caterpillar-streamline"
"Fernanda Lima","4","A estrutura leve do StreamLine não compromete a proteção. O bico Composite Toe é tão eficiente quanto o aço.","2025-06-16","caterpillar-streamline"
"Harley Araújo","4","O Caterpillar StreamLine me deu segurança e conforto que eu não encontrava em outros calçados de proteção.","2025-12-19","caterpillar-streamline"
"Eduardo Costa","5","Qualidade Caterpillar em um modelo de segurança. O StreamLine não decepciona em nada. Recomendo muito.","2024-09-05","caterpillar-streamline"
"Marcelinho Pereira","5","Produto excelente para quem precisa de segurança e conforto ao mesmo tempo. O StreamLine é a solução ideal.","2023-10-03","caterpillar-streamline"
"Juliana Martins","5","A leveza do StreamLine surpreende para um tênis de segurança. Fico o dia todo em pé e não sinto o cansaço de antes.","2026-02-07","caterpillar-streamline"
"Paulo Melo","4","Produto top! O StreamLine une design esportivo com proteção de alto nível. Ideal para trabalho em ambientes exigentes.","2024-03-07","caterpillar-streamline"
"Wanderson Cardoso","4","Comprei com desconfiança mas o StreamLine superou todas as expectativas. Produto de alta qualidade e muito confortável.","2024-06-24","caterpillar-streamline"
"Amílcar Santos","4","O StreamLine é a prova de que tênis de segurança pode ser leve e confortável. Excelente produto da Caterpillar.","2023-04-15","caterpillar-streamline"
"Diego Cardoso","5","Comprei no tamanho 43 e serviu perfeitamente. O StreamLine é confortável desde o primeiro momento de uso.","2024-07-20","caterpillar-streamline"
"Anderson Lima","4","O Caterpillar StreamLine foi desenvolvido para quem precisa de conforto prolongado e o produto cumpre exatamente isso. Uso em longas jornadas de trabalho e meus pés agradecem.","2023-09-25","caterpillar-streamline"
"Júnior Souza","4","Comprei para substituir uma bota de segurança pesada e a diferença foi enorme. O StreamLine é muito mais confortável.","2025-06-23","caterpillar-streamline"
"Ismar Rocha","5","O Caterpillar StreamLine me deu segurança e conforto que eu não encontrava em outros calçados de proteção.","2023-01-20","caterpillar-streamline"
"Guilherme Castro","5","O bico de proteção em material composto do StreamLine é incrível. Proteção total sem aquele peso das botas tradicionais de aço.","2023-11-02","caterpillar-streamline"
"Harley Araújo","5","Design esportivo com segurança de bota de trabalho. O StreamLine é o equilíbrio perfeito entre estilo e proteção.","2026-04-07","caterpillar-streamline"
"Ismar Rocha","5","Comprei o StreamLine por causa do Composite Toe e não me arrependi. Proteção total com muito mais leveza do que o aço.","2023-03-27","caterpillar-streamline"
"Vanessa Souza","5","Produto excelente. O Ginfu tem um design que chama atenção e um material que garante durabilidade a longo prazo.","2023-03-23","tenis-caterpillar-ginfu-1"
"Nelson Freitas","5","A combinação de couro suede e solado tratorado do Ginfu é perfeita. Um tênis que une estilo e resistência.","2023-07-30","tenis-caterpillar-ginfu-1"
"Nelson Freitas","5","Muito bom o Ginfu. O solado tratorado oferece aderência real e o visual robusto é muito diferenciado.","2025-04-12","tenis-caterpillar-ginfu-1"
"Héverton Gomes","5","Comprei para usar no dia a dia e o Ginfu surpreende em conforto e estilo. O suede é macio e de altíssima qualidade.","2024-04-29","tenis-caterpillar-ginfu-1"
"Adriano Correia","5","Muito satisfeito com o Ginfu. A entressola maximalista proporciona amortecimento excelente e o visual é único.","2023-02-20","tenis-caterpillar-ginfu-1"
"Sérgio Nascimento","5","Comprei o Ginfu azul e ficou incrível. A combinação de cores é única e o material é de altíssima qualidade.","2025-04-23","tenis-caterpillar-ginfu-1"
"Nilson Mendes","4","O Caterpillar Ginfu tem uma presença que poucos tênis têm. O visual maximalista é marcante e o material é excelente.","2023-08-10","tenis-caterpillar-ginfu-1"
"Sebastião Andrade","5","A entressola maximalista do Ginfu é o que me conquistou. Visual único, robusto e muito diferente dos tênis comuns.","2024-03-31","tenis-caterpillar-ginfu-1"
"Ricardo Monteiro","4","Produto de alta qualidade com design que não se encontra em outros tênis. O Ginfu é único e vale muito o investimento.","2024-04-11","tenis-caterpillar-ginfu-1"
"Jonas Marques","5","Nascido nos anos 90 e reinventado para hoje, o Ginfu é a definição de tênis robusto com estilo. O couro suede de alta qualidade é impecável.","2025-03-27","tenis-caterpillar-ginfu-1"
"Débora Pereira","5","O solado tratorado do Ginfu é muito resistente. Uso em vários terrenos e o tênis mantém o visual e a aderência.","2024-07-25","tenis-caterpillar-ginfu-1"
"Rosana Carvalho","5","O design maximalista do Ginfu é perfeito para quem quer um tênis com personalidade. Recomendo muito.","2026-01-03","tenis-caterpillar-ginfu-1"
"Débora Pereira","4","Nascido nos anos 90 e reinventado para hoje, o Ginfu é a definição de tênis robusto com estilo. O couro suede de alta qualidade é impecável.","2024-06-18","tenis-caterpillar-ginfu-1"
"Sérgio Nascimento","5","O design retrô do Ginfu combina com muitos looks. Versátil, estiloso e com qualidade de material premium.","2024-06-27","tenis-caterpillar-ginfu-1"
"Rafael Pereira","5","A silhueta robusta do Ginfu é o que o diferencia. Um tênis com personalidade própria e material de primeira linha.","2024-12-08","tenis-caterpillar-ginfu-1"
"Zilair Freitas","5","Muito bom o Ginfu. A entressola maximalista é confortável e o couro suede tem qualidade premium.","2025-11-13","tenis-caterpillar-ginfu-1"
"Guilherme Castro","5","O design retrô do Ginfu é atemporal. Um tênis que será tendência por muito tempo. Qualidade e estilo incomparáveis.","2024-01-25","tenis-caterpillar-ginfu-1"
"Ana Paula Rodrigues","5","A entressola maximalista do Ginfu é o que me conquistou. Visual único, robusto e muito diferente dos tênis comuns.","2023-01-04","tenis-caterpillar-ginfu-1"
"Chicão Mendes","5","O Caterpillar Ginfu é um must-have para quem aprecia moda e qualidade. Design icônico e material impecável.","2024-02-08","tenis-caterpillar-ginfu-1"
"Otávio Moreira","4","Muito satisfeito com a compra. O Ginfu é exatamente o que eu queria: robusto, estiloso e muito bem construído.","2024-11-07","tenis-caterpillar-ginfu-1"
"Héverton Gomes","5","Muito bom o Ginfu. A entressola maximalista é confortável e o couro suede tem qualidade premium.","2023-09-13","tenis-caterpillar-ginfu-1"
"Yeltsin Correia","5","O Ginfu é um tênis com história. A reinvenção do ícone dos anos 90 ficou perfeita. Material e acabamento de excelência.","2025-04-16","tenis-caterpillar-ginfu-1"
"Cristiane Santos","5","Comprei para presentear e a pessoa ficou encantada. O Ginfu é um tênis especial com design e material únicos.","2026-02-09","tenis-caterpillar-ginfu-1"
"Maurício Teixeira","5","O Ginfu é o tênis que eu queria há muito tempo. Robusto, estiloso e com material de qualidade incomparável.","2025-02-15","tenis-caterpillar-ginfu-1"
"Odirlei Carvalho","5","Muito satisfeito com o Ginfu. A entressola maximalista proporciona amortecimento excelente e o visual é único.","2024-09-08","tenis-caterpillar-ginfu-1"
"Sinval Duarte","5","Muito bom o Ginfu. O solado tratorado oferece aderência real e o visual robusto é muito diferenciado.","2024-09-14","tenis-caterpillar-ginfu-1"
"Tatiana Costa","5","A combinação de couro suede e solado tratorado do Ginfu é perfeita. Um tênis que une estilo e resistência.","2026-04-02","tenis-caterpillar-ginfu-1"
"Fabrício Alves","5","Muito bom o Ginfu. A entressola maximalista é confortável e o couro suede tem qualidade premium.","2025-06-24","tenis-caterpillar-ginfu-1"
"Odirlei Carvalho","5","A combinação de couro suede e solado tratorado do Ginfu é perfeita. Um tênis que une estilo e resistência.","2023-12-14","tenis-caterpillar-ginfu-1"
"Marcelinho Pereira","4","O Ginfu é um tênis que une passado e presente com perfeição. Design dos anos 90 com materiais modernos de alta qualidade.","2024-11-17","tenis-caterpillar-ginfu-1"
"Diego Cardoso","5","O Caterpillar Ginfu tem uma presença que poucos tênis têm. O visual maximalista é marcante e o material é excelente.","2024-04-05","tenis-caterpillar-ginfu-1"
"Ricardo Monteiro","3","Comprei para usar no dia a dia e o Ginfu surpreende em conforto e estilo. O suede é macio e de altíssima qualidade.","2024-05-16","tenis-caterpillar-ginfu-1"
"Lídio Andrade","5","Produto de qualidade inquestionável. O Ginfu tem o melhor design da linha Caterpillar e material de primeira.","2023-05-30","tenis-caterpillar-ginfu-1"
"Ítalo Dias","5","O Ginfu tem uma presença incrível. O visual maximalista combinado com o couro suede cria algo verdadeiramente único.","2026-03-24","tenis-caterpillar-ginfu-1"
"Márcio Lopes","5","O design retrô do Ginfu é atemporal. Um tênis que será tendência por muito tempo. Qualidade e estilo incomparáveis.","2024-05-14","tenis-caterpillar-ginfu-1"
"Vinícius Araújo","5","O Caterpillar Ginfu é um ícone atemporal reinventado para os dias modernos. A entressola maximalista é simplesmente incrível e dá um visual único.","2023-08-07","tenis-caterpillar-ginfu-1"
"Pedrão Gomes","4","Muito satisfeito com a compra. O Ginfu é exatamente o que eu queria: robusto, estiloso e muito bem construído.","2025-11-26","tenis-caterpillar-ginfu-1"
"Kenio Marques","5","O solado de borracha tratorada do Ginfu é incrível. Além do visual marcante, oferece excelente aderência em qualquer superfície.","2023-09-06","tenis-caterpillar-ginfu-1"
"Ítalo Dias","5","O Caterpillar Ginfu é um ícone da moda streetwear. A entressola maximalista e o solado tratorado são diferenciais incríveis.","2025-12-23","tenis-caterpillar-ginfu-1"
"Joãozinho Nunes","4","O Ginfu é um tênis que conta uma história. A reinvenção do ícone dos anos 90 ficou simplesmente perfeita.","2025-06-25","tenis-caterpillar-ginfu-1"
"Gilberto Costa","5","Comprei o Spaid para usar no dia a dia e ele se tornou meu tênis favorito. Confortável e muito estiloso.","2026-01-27","tenis-caterpillar-spaid-1"
"Hítalo Moreira","5","Produto de alta qualidade com design evolutivo. O Spaid mantém o DNA da Caterpillar com uma proposta moderna.","2025-08-30","tenis-caterpillar-spaid-1"
"Hítalo Moreira","5","O sistema de amarração diferenciado do Spaid é funcional e estiloso. Um detalhe que faz toda a diferença.","2024-07-21","tenis-caterpillar-spaid-1"
"Nego Alves","5","O Caterpillar Spaid é a prova de que a marca evoluiu sem perder a essência. Design moderno com DNA Cat.","2024-05-04","tenis-caterpillar-spaid-1"
"Mariana Alves","4","Produto excelente. O Spaid evolui a coleção de sneakers da Caterpillar com muita qualidade e design.","2024-08-08","tenis-caterpillar-spaid-1"
"Patrícia Sousa","4","Comprei o Spaid para completar minha coleção Caterpillar. É sem dúvida um dos modelos mais interessantes da linha.","2026-01-11","tenis-caterpillar-spaid-1"
"Felipe Nunes","4","Comprei o Spaid para uso casual e ele superou as expectativas. Solado agressivo, conforto e estilo incomparáveis.","2025-02-23","tenis-caterpillar-spaid-1"
"Thales Araújo","5","O Caterpillar Spaid é o tênis ideal para quem quer algo entre um sneaker urbano e uma bota. Design perfeito.","2023-05-12","tenis-caterpillar-spaid-1"
"Welington Martins","4","Comprei o Spaid e uso com frequência. O conforto é excelente e o visual marcante recebe elogios constantes.","2025-08-12","tenis-caterpillar-spaid-1"
"Welington Martins","4","A silhueta moderna do Spaid é o que me conquistou. Um tênis que evoluiu os melhores elementos do design Caterpillar.","2025-05-10","tenis-caterpillar-spaid-1"
"Wellington Sousa","5","Inspirado na Caterpillar Inter, o Spaid Sport incorpora o melhor do design original com uma proposta moderna. Produto incrível.","2026-03-25","tenis-caterpillar-spaid-1"
"Sebastião Andrade","3","Muito satisfeito com a compra. O Caterpillar Spaid é um produto único que vale muito o investimento.","2024-12-21","tenis-caterpillar-spaid-1"
"Letícia Oliveira","5","Muito bom o Spaid. Material de qualidade, solado robusto e um design que destoa positivamente do convencional.","2025-05-08","tenis-caterpillar-spaid-1"
"Eurico Castro","5","Produto de qualidade inquestionável. O Spaid tem tudo que eu procurava: estilo, conforto e resistência.","2024-03-27","tenis-caterpillar-spaid-1"
"Pery Sousa","4","O Caterpillar Spaid é um sneaker que quebra padrões. A fusão entre tênis e bota é feita com muito estilo.","2025-09-21","tenis-caterpillar-spaid-1"
"Marcos Oliveira","4","Muito bom o Spaid. Material de qualidade, solado robusto e um design que destoa positivamente do convencional.","2025-04-08","tenis-caterpillar-spaid-1"
"Yeltsin Correia","5","Produto de alta qualidade com design evolutivo. O Spaid mantém o DNA da Caterpillar com uma proposta moderna.","2023-09-19","tenis-caterpillar-spaid-1"
"Héverton Gomes","3","Produto de qualidade inquestionável. O Spaid tem tudo que eu procurava: estilo, conforto e resistência.","2025-03-17","tenis-caterpillar-spaid-1"
"Deivid Martins","4","Inspirado na Caterpillar Inter, o Spaid Sport incorpora o melhor do design original com uma proposta moderna. Produto incrível.","2025-05-27","tenis-caterpillar-spaid-1"
"Lucas Barbosa","4","O Spaid é robusto, estiloso e confortável. A fusão entre tênis urbano e bota de hiking foi bem executada.","2024-06-16","tenis-caterpillar-spaid-1"
"Sebastião Andrade","4","O Caterpillar Spaid é versátil e estiloso. Uso em vários contextos e sempre recebo elogios pelo visual diferenciado.","2024-10-31","tenis-caterpillar-spaid-1"
"Luciana Mendes","4","Muito bom o Spaid. Material de qualidade, solado robusto e um design que destoa positivamente do convencional.","2025-05-13","tenis-caterpillar-spaid-1"
"Ana Paula Rodrigues","5","O Spaid Sport é a evolução perfeita da coleção sneakers da Cat. Design culturalmente progressivo e material de alta qualidade.","2026-01-09","tenis-caterpillar-spaid-1"
"Rodrigo Santos","4","Comprei para usar no trabalho e no lazer. O Spaid atende os dois contextos com muito estilo e qualidade.","2023-05-21","tenis-caterpillar-spaid-1"
"Pedrão Gomes","5","O sistema de amarração inspirado em botas de hiking do Spaid é único. Borram as linhas entre tênis e bota de forma elegante.","2024-05-21","tenis-caterpillar-spaid-1"
"Ricardo Monteiro","5","Inspirado na Caterpillar Inter, o Spaid Sport incorpora o melhor do design original com uma proposta moderna. Produto incrível.","2024-05-03","tenis-caterpillar-spaid-1"
"Maurício Teixeira","5","Muito satisfeito com a compra. O Caterpillar Spaid é um produto único que vale muito o investimento.","2026-03-01","tenis-caterpillar-spaid-1"
"Emerson Dias","5","O Spaid é robusto, estiloso e confortável. A fusão entre tênis urbano e bota de hiking foi bem executada.","2025-01-25","tenis-caterpillar-spaid-1"
"Cláudio Pinto","5","O sistema de amarração do Spaid lembra botas de hiking e isso dá um visual muito diferenciado. Produto top.","2023-12-02","tenis-caterpillar-spaid-1"
"Vanessa Souza","5","Muito satisfeito com o Spaid. O design inspirado na Inter mantém os elementos que tornaram essa linha famosa.","2024-09-30","tenis-caterpillar-spaid-1"
"Brunno Lima","5","Muito bom o Spaid. Material de qualidade, solado robusto e um design que destoa positivamente do convencional.","2024-02-11","tenis-caterpillar-spaid-1"
"Leandro Rocha","4","Produto top! O Spaid tem um design que chama atenção e um material que garante durabilidade e conforto.","2024-09-09","tenis-caterpillar-spaid-1"
"Sidinei Barbosa","5","O sistema de amarração do Spaid lembra botas de hiking e isso dá um visual muito diferenciado. Produto top.","2026-03-05","tenis-caterpillar-spaid-1"
"Anderson Lima","5","Comprei para usar no trabalho e no lazer. O Spaid atende os dois contextos com muito estilo e qualidade.","2025-01-28","tenis-caterpillar-spaid-1"
"Bruno Ferreira","5","Comprei o Spaid para usar no dia a dia e ele se tornou meu tênis favorito. Confortável e muito estiloso.","2023-01-26","tenis-caterpillar-spaid-1"
"Welington Martins","5","Comprei no número 41 e serviu perfeitamente. O Vental é confortável desde o primeiro uso e bem ventilado.","2025-06-06","tenis-caterpillar-vental-1"
"Otávio Moreira","5","O Vental tem um design moderno e prático. A ventilação interna é eficiente e o material é de alta qualidade.","2025-07-30","tenis-caterpillar-vental-1"
"Vagner Nunes","5","O Caterpillar Vental é o tênis ideal para quem fica muito tempo em pé. Conforto e ventilação excelentes.","2025-12-04","tenis-caterpillar-vental-1"
"Leivison Santos","5","Muito bom o Vental. A Caterpillar entregou um tênis com ótima ventilação e muito conforto para o dia a dia.","2026-01-07","tenis-caterpillar-vental-1"
"Pedrão Gomes","5","Comprei o Vental e uso diariamente. A ventilação interna mantém os pés frescos mesmo após horas de uso.","2026-04-28","tenis-caterpillar-vental-1"
"Camila Ferreira","5","Comprei com base na qualidade da marca e o Vental confirmou a reputação. Produto excelente e muito confortável.","2023-06-27","tenis-caterpillar-vental-1"
"Mariana Alves","5","Produto de altíssima qualidade. O Vental tem tudo que um tênis de qualidade precisa ter. Recomendo muito.","2025-08-09","tenis-caterpillar-vental-1"
"Alexsandro Sousa","5","Comprei para presentear e a pessoa adorou. O Vental é um tênis com qualidade Caterpillar e ótima ventilação.","2024-11-19","tenis-caterpillar-vental-1"
"Marcos Oliveira","5","Comprei o Vental e uso diariamente. A ventilação interna mantém os pés frescos mesmo após horas de uso.","2024-01-08","tenis-caterpillar-vental-1"
"Pery Sousa","5","Comprei o Vental para usar no verão e foi a melhor escolha. A ventilação interna é excelente e o conforto incomparável.","2024-06-13","tenis-caterpillar-vental-1"
"Luciana Mendes","5","Muito bom o Vental. A Caterpillar entregou um tênis com ótima ventilação e muito conforto para o dia a dia.","2024-07-19","tenis-caterpillar-vental-1"
"Joãozinho Nunes","5","O Caterpillar Vental é um tênis com excelente ventilação interna. Mesmo em dias quentes meu pé não fica abafado. Produto muito bom.","2024-01-27","tenis-caterpillar-vental-1"
"Felipe Nunes","5","O design do Vental é moderno e versátil. Combina com vários looks e tem qualidade de material premium.","2025-09-27","tenis-caterpillar-vental-1"
"Joãozinho Nunes","4","Muito satisfeito com o Vental. O material é resistente e a ventilação mantém os pés frescos o dia todo.","2025-09-02","tenis-caterpillar-vental-1"
"Kesley Ribeiro","5","Comprei o Vental para usar em dias quentes de trabalho. A ventilação fez toda a diferença no meu conforto.","2023-02-05","tenis-caterpillar-vental-1"
"Diego Cardoso","4","O Caterpillar Vental é resistente e bem ventilado. Uso no trabalho e no lazer sem nenhum problema.","2024-05-13","tenis-caterpillar-vental-1"
"Vanessa Souza","5","Produto excelente. O Caterpillar Vental une estilo, conforto e ventilação de forma muito eficiente.","2025-08-27","tenis-caterpillar-vental-1"
"Ismar Rocha","4","Produto de qualidade premium. O Vental tem acabamento impecável e a ventilação é um diferencial enorme.","2026-02-01","tenis-caterpillar-vental-1"
"Débora Pereira","5","O Vental tem um interior bem arejado que faz toda a diferença em dias de calor. Produto muito bem feito.","2024-07-08","tenis-caterpillar-vental-1"
"Vanessa Souza","4","Muito bom o Vental. A Caterpillar entregou um tênis com ótima ventilação e muito conforto para o dia a dia.","2024-01-30","tenis-caterpillar-vental-1"
"Simone Ribeiro","5","Muito satisfeito com o Vental. O material é de qualidade e a ventilação interna faz diferença real no conforto.","2024-01-15","tenis-caterpillar-vental-1"
"Márcio Lopes","5","Comprei o Vental para usar no verão e foi a melhor escolha. A ventilação interna é excelente e o conforto incomparável.","2024-07-20","tenis-caterpillar-vental-1"
"Yeltsin Correia","5","Muito bom o Caterpillar Vental. A ventilação interna e o conforto fazem dele uma ótima escolha para o verão.","2025-12-10","tenis-caterpillar-vental-1"
"Enderson Ferreira","5","O Caterpillar Vental é resistente e bem ventilado. Uso no trabalho e no lazer sem nenhum problema.","2024-02-02","tenis-caterpillar-vental-1"
"Renata Gomes","5","O design do Vental é moderno e versátil. Combina com vários looks e tem qualidade de material premium.","2024-09-11","tenis-caterpillar-vental-1"
"Eduardo Costa","5","Comprei o Vental para usar em dias quentes de trabalho. A ventilação fez toda a diferença no meu conforto.","2024-07-15","tenis-caterpillar-vental-1"
"Anderson Lima","5","Comprei o Vental para usar no trabalho e o conforto é excelente. A ventilação mantém os pés frescos durante longas jornadas.","2023-09-16","tenis-caterpillar-vental-1"
"Júnior Souza","5","O design limpo do Vental combina com tudo. Material de qualidade e ventilação que fazem diferença real.","2023-07-30","tenis-caterpillar-vental-1"
"Eduardo Costa","4","Muito bom o Caterpillar Vental. A ventilação interna e o conforto fazem dele uma ótima escolha para o verão.","2025-09-07","tenis-caterpillar-vental-1"
"Gonçalo Mendes","4","Comprei com base na qualidade da marca e o Vental confirmou a reputação. Produto excelente e muito confortável.","2023-04-16","tenis-caterpillar-vental-1"
"Priscila Ramos","5","O Adventure é um tênis para quem curte estilo e aventura urbana. Design robusto e material de primeira qualidade.","2024-09-30","tenis-caterpillar-adventure-1"
"Thiago Pereira","5","Comprei o Adventure para uso no dia a dia e ele superou todas as expectativas. Confortável e muito bem acabado.","2025-02-09","tenis-caterpillar-adventure-1"
"Patrícia Gomes","4","O Caterpillar Adventure tem um visual marcante. Solado resistente e material que garante durabilidade real.","2025-12-30","tenis-caterpillar-adventure-1"
"Márcio Rocha","5","Produto de alta qualidade. O Adventure é robusto, estiloso e confortável desde o primeiro uso.","2024-07-10","tenis-caterpillar-adventure-1"
"Marcos Souza","5","O Adventure chegou perfeito, dentro do prazo. O material é impecável e o conforto é imediato.","2025-12-09","tenis-caterpillar-adventure-1"
"Aline Carvalho","5","Muito satisfeito com o Adventure. O design é arrojado e o material tem qualidade Caterpillar de sempre.","2026-01-24","tenis-caterpillar-adventure-1"
"Roberto Alves","4","Comprei para presentear e a pessoa ficou encantada. O Adventure é um tênis com estilo único.","2025-05-31","tenis-caterpillar-adventure-1"
"Tatiane Machado","4","O Adventure é o tênis perfeito para quem quer algo robusto sem abrir mão do estilo. Recomendo muito.","2025-02-07","tenis-caterpillar-adventure-1"
"Gustavo Lopes","4","Produto excelente. O Caterpillar Adventure tem acabamento impecável e o solado é muito resistente.","2025-09-09","tenis-caterpillar-adventure-1"
"Vinícius Cunha","5","O Adventure combina com vários looks. Material premium, solado firme e conforto que surpreende.","2025-01-17","tenis-caterpillar-adventure-1"
"Sandro Vieira","4","Muito bom o Adventure. A estrutura é sólida e o visual diferenciado chama atenção onde eu vou.","2024-08-31","tenis-caterpillar-adventure-1"
"Sabrina Cardoso","5","O design do Adventure é único. Um tênis com personalidade que reflete a robustez da marca Caterpillar.","2024-12-08","tenis-caterpillar-adventure-1"
"Patricia Santos","4","Comprei o Adventure e uso com frequência. O conforto é excelente e recebo elogios constantes.","2024-05-15","tenis-caterpillar-adventure-1"
"Alexandre Costa","5","Produto de qualidade inquestionável. O Adventure tem tudo que eu procurava em um tênis robusto.","2024-07-11","tenis-caterpillar-adventure-1"
"Rafael Gomes","4","O Caterpillar Adventure é o tênis que eu precisava. Estiloso, resistente e muito confortável.","2026-01-19","tenis-caterpillar-adventure-1"
"Carlos Silva","4","Muito satisfeito com a compra. O Adventure é exatamente o que eu queria: robusto e muito bem acabado.","2024-11-21","tenis-caterpillar-adventure-1"
"Cláudia Ribeiro","4","O Adventure tem um interior acolchoado que faz diferença no uso prolongado. Produto de excelência.","2024-09-11","tenis-caterpillar-adventure-1"
"Daniela Araújo","4","Comprei para uso casual e o Adventure é perfeito. Design moderno e material com qualidade premium.","2025-10-28","tenis-caterpillar-adventure-1"
"Camila Ribeiro","5","O Adventure é a prova de que a Caterpillar sabe fazer tênis. Robusto, estiloso e durável.","2024-01-30","tenis-caterpillar-adventure-1"
"Letícia Campos","5","Produto top! O Adventure tem um design que chama atenção e material que garante durabilidade.","2025-10-03","tenis-caterpillar-adventure-1"
"Mariana Sousa","4","O Caterpillar Adventure superou minhas expectativas. Solado robusto e material de primeira qualidade.","2024-08-19","tenis-caterpillar-adventure-1"
"Paulo Figueiredo","4","Comprei o Adventure azul e ficou incrível. A combinação de cores é perfeita e o material é premium.","2024-02-17","tenis-caterpillar-adventure-1"
"Vanessa Freitas","5","O Adventure é versátil e bem construído. Uso tanto no trabalho quanto no lazer sem problema.","2026-02-24","tenis-caterpillar-adventure-1"
"Simone Alves","5","Produto de alta qualidade com design diferenciado. O Adventure é único e vale muito o investimento.","2024-07-19","tenis-caterpillar-adventure-1"
"Felipe Teixeira","4","Muito bom o Adventure. A palmilha é confortável e o solado oferece boa aderência em qualquer superfície.","2024-07-02","tenis-caterpillar-adventure-1"
"Henrique Melo","5","O Adventure tem uma construção sólida que transmite confiança. Produto Caterpillar de verdade.","2026-02-28","tenis-caterpillar-adventure-1"
"Fábio Nascimento","5","Comprei para substituir um tênis desgastado e o Adventure superou o anterior em tudo. Excelente.","2025-10-23","tenis-caterpillar-adventure-1"
"Eduardo Barbosa","5","O design robusto do Adventure reflete bem o DNA da Caterpillar. Material e acabamento impecáveis.","2024-04-23","tenis-caterpillar-adventure-1"
"Larissa Nunes","5","Muito satisfeito com o Adventure. É o equilíbrio perfeito entre estilo urbano e robustez.","2024-06-27","tenis-caterpillar-adventure-1"
"Rodrigo Castro","5","Produto bem construído. O Adventure tem detalhes de qualidade que só percebemos ao usar no dia a dia.","2025-11-16","tenis-caterpillar-adventure-1"
"Carla Mendes","5","O Caterpillar Adventure é um must-have para quem aprecia estilo robusto. Material e design excepcionais.","2025-04-12","tenis-caterpillar-adventure-1"
"Fernanda Lima","5","Comprei no tamanho 42 e serviu perfeitamente. O Adventure é confortável desde o primeiro momento.","2025-08-12","tenis-caterpillar-adventure-1"
"Nelson Martins","5","O Adventure é meu tênis favorito agora. Robusto, estiloso e com a qualidade que só a Caterpillar entrega.","2024-09-10","tenis-caterpillar-adventure-1"
"Monique Dias","4","Produto excelente para uso diário. O Adventure une conforto e estilo de forma muito eficiente.","2026-05-29","tenis-caterpillar-adventure-1"
"Isabela Pinto","4","Muito bom o Adventure. A estrutura e o material indicam um produto feito para durar por muito tempo.","2025-03-04","tenis-caterpillar-adventure-1"
"Priscila Ramos","5","O Galder é um tênis com visual diferenciado e material de altíssima qualidade. Recomendo muito.","2024-03-02","tenis-caterpillar-galder-1"
"Márcio Rocha","5","Comprei o Galder e fiquei impressionado com o acabamento. É um produto Caterpillar de verdade.","2026-05-09","tenis-caterpillar-galder-1"
"Sabrina Cardoso","4","O design do Galder é único. Solado resistente, material premium e conforto desde o primeiro uso.","2024-02-15","tenis-caterpillar-galder-1"
"Juliana Costa","4","Muito satisfeito com o Galder. O tênis tem uma presença marcante e o material é impecável.","2024-11-04","tenis-caterpillar-galder-1"
"Bianca Ferreira","5","Produto de alta qualidade. O Galder tem acabamento excelente e o conforto é notável no dia a dia.","2025-03-23","tenis-caterpillar-galder-1"
"Carla Mendes","5","O Caterpillar Galder superou minhas expectativas. Robusto, estiloso e muito bem construído.","2025-06-28","tenis-caterpillar-galder-1"
"Ana Oliveira","4","Comprei o Galder para usar no trabalho e no lazer. Atende os dois contextos com muito estilo.","2025-11-15","tenis-caterpillar-galder-1"
"Tatiane Machado","4","O Galder tem um visual que destoa positivamente do convencional. Material de primeira e conforto real.","2024-12-10","tenis-caterpillar-galder-1"
"Eduardo Barbosa","5","Produto excelente. O Galder une estilo e resistência com perfeição. É o tênis que eu queria.","2026-05-02","tenis-caterpillar-galder-1"
"Anderson Lima","4","Muito bom o Galder. A qualidade Caterpillar está presente em cada detalhe desse produto.","2025-07-03","tenis-caterpillar-galder-1"
"Henrique Melo","5","O Galder chegou no prazo e em perfeitas condições. A qualidade é evidente desde a embalagem.","2024-11-02","tenis-caterpillar-galder-1"
"Lucas Ferreira","5","Comprei para presentear e a pessoa ficou muito feliz. O Galder é um presente e tanto.","2025-08-09","tenis-caterpillar-galder-1"
"Diego Martins","4","O Caterpillar Galder tem uma construção sólida que transmite confiança e durabilidade.","2024-08-03","tenis-caterpillar-galder-1"
"Evandro Pires","4","Muito satisfeito com a compra. O Galder é exatamente o que eu precisava em um tênis robusto.","2024-01-16","tenis-caterpillar-galder-1"
"João Pedro Lima","5","O design do Galder é moderno sem abrir mão da robustez. Um tênis com personalidade própria.","2025-04-14","tenis-caterpillar-galder-1"
"Fábio Nascimento","4","Produto de qualidade inquestionável. O Galder tem tudo que eu procurava: estilo, conforto e resistência.","2024-06-13","tenis-caterpillar-galder-1"
"Vinícius Cunha","4","O Galder é versátil e combina com vários looks. Material premium e acabamento impecável.","2025-07-04","tenis-caterpillar-galder-1"
"Beatriz Rocha","5","Comprei o Galder e uso diariamente. O conforto é excelente e o visual recebe elogios constantes.","2024-06-01","tenis-caterpillar-galder-1"
"Felipe Teixeira","5","Muito bom o Galder. O solado é robusto e oferece boa aderência em qualquer superfície.","2026-04-02","tenis-caterpillar-galder-1"
"Gustavo Lopes","4","O Caterpillar Galder é para quem quer um tênis com personalidade. Design único e material de excelência.","2025-11-17","tenis-caterpillar-galder-1"
"Rafael Gomes","4","Produto top! O Galder tem um acabamento que você não encontra em tênis comuns. Vale muito.","2024-06-18","tenis-caterpillar-galder-1"
"Sandro Vieira","4","O Galder tem um interior acolchoado que faz diferença no uso prolongado. Produto muito bem feito.","2024-08-27","tenis-caterpillar-galder-1"
"Simone Alves","4","Comprei no tamanho 43 e serviu perfeitamente. O Galder é confortável desde o primeiro momento.","2024-02-19","tenis-caterpillar-galder-1"
"Monique Dias","5","O design robusto do Galder reflete bem o DNA da Caterpillar. Material e acabamento de excelência.","2025-11-25","tenis-caterpillar-galder-1"
"Aline Carvalho","4","Muito satisfeito com o Galder. É o equilíbrio perfeito entre estilo urbano e resistência.","2025-09-02","tenis-caterpillar-galder-1"
"Carlos Silva","5","Produto bem construído. O Galder tem detalhes de qualidade que impressionam no dia a dia.","2024-06-22","tenis-caterpillar-galder-1"
"Rodrigo Castro","5","O Caterpillar Galder é diferente de tudo que já usei. Visual marcante e material de primeira linha.","2025-11-28","tenis-caterpillar-galder-1"
"Patrícia Gomes","5","Comprei para substituir um tênis desgastado e o Galder superou em tudo. Excelente produto.","2025-10-04","tenis-caterpillar-galder-1"
"Fernanda Lima","5","O Galder é meu tênis favorito agora. Robusto, estiloso e com a qualidade que a Caterpillar entrega.","2024-08-30","tenis-caterpillar-galder-1"
"Bruno Mendes","4","Produto de alta qualidade com design diferenciado. O Galder é único e vale muito o investimento.","2025-09-14","tenis-caterpillar-galder-1"
"Alexandre Costa","5","O Galder tem uma construção sólida que não decepciona. Qualidade Caterpillar em cada detalhe.","2025-03-21","tenis-caterpillar-galder-1"
"Nelson Martins","5","Muito bom o Galder. A palmilha é confortável e o solado é resistente para o uso diário intenso.","2026-04-17","tenis-caterpillar-galder-1"
"Davi Souza","4","O Caterpillar Galder é a escolha certa para quem quer estilo e qualidade. Produto incrível.","2025-09-27","tenis-caterpillar-galder-1"
"Roberto Alves","5","Comprei o Galder preto e ficou sensacional. Combina com tudo e o material é de altíssima qualidade.","2025-09-26","tenis-caterpillar-galder-1"
"Cristiane Monteiro","4","Produto excelente para uso diário. O Galder une conforto, estilo e durabilidade de forma perfeita.","2025-03-28","tenis-caterpillar-galder-1"
"Thiago Pereira","5","O Max DR é um tênis com amortecimento excelente e design robusto. A melhor escolha da linha.","2025-02-18","tenis-caterpillar-max-dr-1"
"Vanessa Freitas","5","Comprei o Max DR e o conforto é incomparável. A tecnologia de amortecimento faz toda a diferença.","2026-05-26","tenis-caterpillar-max-dr-1"
"Rafael Gomes","5","O Caterpillar Max DR tem um visual marcante e um conforto que surpreende desde o primeiro uso.","2024-01-22","tenis-caterpillar-max-dr-1"
"Gustavo Lopes","5","Produto de alta qualidade. O Max DR tem solado diferenciado e material que garante durabilidade.","2024-08-15","tenis-caterpillar-max-dr-1"
"Rodrigo Castro","5","Muito satisfeito com o Max DR. O design é arrojado e o conforto é notável para uso prolongado.","2025-05-03","tenis-caterpillar-max-dr-1"
"João Pedro Lima","4","O Max DR chegou no prazo e em perfeitas condições. A qualidade é evidente e o conforto imediato.","2024-12-01","tenis-caterpillar-max-dr-1"
"Lucas Ferreira","4","Comprei para usar na academia e nas ruas. O Max DR é versátil e tem um visual muito diferenciado.","2025-06-25","tenis-caterpillar-max-dr-1"
"Larissa Nunes","5","O Max DR é para quem quer o máximo em conforto e design. Produto excepcional da Caterpillar.","2024-10-03","tenis-caterpillar-max-dr-1"
"Tatiane Machado","5","Produto excelente. O Max DR tem acabamento impecável e o solado oferece amortecimento real.","2025-09-23","tenis-caterpillar-max-dr-1"
"Alexandre Costa","5","Muito bom o Max DR. O solado é robusto e o conforto é um dos melhores que já senti em um tênis.","2024-10-24","tenis-caterpillar-max-dr-1"
"Isabela Pinto","5","O design do Max DR é moderno e chamativo. Material de primeira e conforto para longas jornadas.","2024-09-10","tenis-caterpillar-max-dr-1"
"Ana Oliveira","4","Comprei o Max DR para uso no dia a dia e ele se tornou meu tênis favorito. Confortável e estiloso.","2025-12-09","tenis-caterpillar-max-dr-1"
"Monique Dias","4","O Caterpillar Max DR superou minhas expectativas. Solado robusto, material premium e muito conforto.","2025-07-07","tenis-caterpillar-max-dr-1"
"Diego Martins","5","Muito satisfeito com a compra. O Max DR é exatamente o que eu queria em termos de conforto.","2025-06-05","tenis-caterpillar-max-dr-1"
"Sabrina Cardoso","5","O Max DR tem uma estrutura robusta que transmite confiança. Produto Caterpillar de excelência.","2025-12-24","tenis-caterpillar-max-dr-1"
"Mariana Sousa","5","Produto de qualidade inquestionável. O Max DR tem tudo que eu procurava em um tênis confortável.","2025-09-12","tenis-caterpillar-max-dr-1"
"Marcos Souza","5","O Max DR é o tênis ideal para quem fica muito tempo em pé. O amortecimento é excelente.","2026-04-17","tenis-caterpillar-max-dr-1"
"Davi Souza","4","Comprei e uso todos os dias. O Max DR mantém o conforto mesmo após horas de uso intenso.","2025-03-18","tenis-caterpillar-max-dr-1"
"Carla Mendes","5","Muito bom o Max DR. A palmilha é de altíssima qualidade e o solado é muito resistente.","2026-04-04","tenis-caterpillar-max-dr-1"
"Eduardo Barbosa","5","O Caterpillar Max DR é a evolução perfeita do design robusto com foco em conforto máximo.","2024-04-26","tenis-caterpillar-max-dr-1"
"Cristiane Monteiro","4","Produto top! O Max DR tem um design diferenciado e o conforto é algo que impressiona.","2024-12-11","tenis-caterpillar-max-dr-1"
"Roberto Alves","4","O Max DR tem interior bem acolchoado que faz diferença real no uso prolongado. Produto excelente.","2025-11-21","tenis-caterpillar-max-dr-1"
"Priscila Ramos","5","Comprei no tamanho 44 e serviu perfeitamente. O Max DR é confortável desde o primeiro momento.","2024-03-23","tenis-caterpillar-max-dr-1"
"Nelson Martins","4","O design do Max DR combina robustez e modernidade. Material de primeira e amortecimento real.","2026-01-21","tenis-caterpillar-max-dr-1"
"Cláudia Ribeiro","4","Muito satisfeito com o Max DR. É o equilíbrio perfeito entre estilo robusto e conforto máximo.","2024-08-06","tenis-caterpillar-max-dr-1"
"Fernanda Lima","4","Produto bem construído. O Max DR tem detalhes de qualidade que só percebemos ao usar no dia a dia.","2024-08-11","tenis-caterpillar-max-dr-1"
"Felipe Teixeira","5","O Caterpillar Max DR é diferente de tudo que já usei em termos de conforto. Produto excepcional.","2024-02-08","tenis-caterpillar-max-dr-1"
"Daniela Araújo","5","Comprei para substituir um tênis desgastado e o Max DR superou em tudo. Excelente investimento.","2026-01-22","tenis-caterpillar-max-dr-1"
"Aline Carvalho","5","O Max DR é meu favorito da linha Cat. Robusto, confortável e com material de altíssima qualidade.","2025-05-16","tenis-caterpillar-max-dr-1"
"Sandro Vieira","5","Produto de alta qualidade com design diferenciado. O Max DR é único e vale muito o investimento.","2025-03-12","tenis-caterpillar-max-dr-1"
"Leandro Correia","4","O Max DR tem uma construção sólida que não cansa o pé. Qualidade Caterpillar em cada detalhe.","2024-07-26","tenis-caterpillar-max-dr-1"
"Henrique Melo","4","Muito bom o Max DR. A estrutura robusta e o conforto excepcional fazem dele um tênis especial.","2025-01-07","tenis-caterpillar-max-dr-1"
"Márcio Rocha","5","O Caterpillar Max DR é a escolha perfeita para uso diário intenso. Conforto e durabilidade incomparáveis.","2024-05-20","tenis-caterpillar-max-dr-1"
"Paulo Figueiredo","4","Comprei o Max DR preto e ficou incrível. O material é premium e o conforto é incomparável.","2025-05-13","tenis-caterpillar-max-dr-1"
"Patricia Santos","5","Produto excelente. O Max DR une estilo robusto e conforto máximo com perfeição.","2024-11-23","tenis-caterpillar-max-dr-1"
"Marcos Souza","5","O Thunder é um tênis com design impactante e material de altíssima qualidade. Recomendo muito.","2025-07-11","caterpillar-thunder-1"
"Camila Ribeiro","5","Comprei o Thunder e fiquei impressionado com o acabamento. É um produto Caterpillar de verdade.","2025-07-13","caterpillar-thunder-1"
"Monique Dias","4","O design do Thunder é único. Solado resistente, material premium e conforto desde o primeiro uso.","2024-06-07","caterpillar-thunder-1"
"Mariana Sousa","5","Muito satisfeito com o Thunder. O tênis tem uma presença marcante que chama atenção.","2024-06-06","caterpillar-thunder-1"
"Márcio Rocha","4","Produto de alta qualidade. O Thunder tem acabamento excelente e o conforto é notável.","2024-09-01","caterpillar-thunder-1"
"Henrique Melo","5","O Caterpillar Thunder superou minhas expectativas. Robusto, estiloso e muito bem construído.","2026-03-23","caterpillar-thunder-1"
"Fábio Nascimento","4","Comprei o Thunder para usar no trabalho e no lazer. Atende os dois contextos com muito estilo.","2025-01-28","caterpillar-thunder-1"
"Priscila Ramos","5","O Thunder tem um visual que destoa positivamente do convencional. Material de primeira qualidade.","2025-07-02","caterpillar-thunder-1"
"Patricia Santos","5","Produto excelente. O Thunder une estilo e resistência com perfeição. É o tênis que eu queria.","2025-05-02","caterpillar-thunder-1"
"Bruno Mendes","4","Muito bom o Thunder. A qualidade Caterpillar está presente em cada detalhe desse produto.","2025-01-26","caterpillar-thunder-1"
"Felipe Teixeira","5","O Thunder chegou no prazo e em perfeitas condições. A qualidade é evidente desde a embalagem.","2025-05-05","caterpillar-thunder-1"
"Nelson Martins","5","Comprei para presentear e a pessoa ficou muito feliz. O Thunder é um presente e tanto.","2026-01-12","caterpillar-thunder-1"
"Natália Borges","5","O Caterpillar Thunder tem uma construção sólida que transmite força e durabilidade.","2025-07-19","caterpillar-thunder-1"
"Thiago Pereira","4","Muito satisfeito com a compra. O Thunder é exatamente o que eu precisava em um tênis robusto.","2025-11-21","caterpillar-thunder-1"
"Rodrigo Castro","5","O design do Thunder é impactante sem abrir mão do conforto. Um tênis com personalidade própria.","2024-04-27","caterpillar-thunder-1"
"Tatiane Machado","5","Produto de qualidade inquestionável. O Thunder tem tudo que eu procurava: estilo, conforto e resistência.","2024-04-10","caterpillar-thunder-1"
"Simone Alves","5","O Thunder é versátil e combina com vários looks. Material premium e acabamento impecável.","2026-04-24","caterpillar-thunder-1"
"Daniela Araújo","5","Comprei o Thunder e uso diariamente. O conforto é excelente e o visual recebe elogios constantes.","2026-01-20","caterpillar-thunder-1"
"Renata Moreira","4","Muito bom o Thunder. O solado é robusto e oferece excelente aderência.","2025-02-02","caterpillar-thunder-1"
"Vanessa Freitas","5","O Caterpillar Thunder é para quem quer um tênis com presença. Design único e material excepcional.","2024-03-21","caterpillar-thunder-1"
"Isabela Pinto","5","Produto top! O Thunder tem um acabamento que você não encontra em tênis comuns. Vale muito.","2025-08-10","caterpillar-thunder-1"
"Carla Mendes","4","O Thunder tem um interior acolchoado que faz diferença no uso prolongado. Produto muito bem feito.","2024-01-27","caterpillar-thunder-1"
"Cristiane Monteiro","5","Comprei no tamanho 42 e serviu perfeitamente. O Thunder é confortável desde o primeiro momento.","2025-04-26","caterpillar-thunder-1"
"Gustavo Lopes","5","O design robusto do Thunder reflete bem o DNA da Caterpillar. Material e acabamento de excelência.","2025-03-05","caterpillar-thunder-1"
"Carlos Silva","5","Muito satisfeito com o Thunder. É o equilíbrio perfeito entre estilo impactante e conforto real.","2026-01-03","caterpillar-thunder-1"
"Paulo Figueiredo","4","Produto bem construído. O Thunder tem detalhes de qualidade que impressionam no dia a dia.","2025-01-09","caterpillar-thunder-1"
"Sabrina Cardoso","4","O Caterpillar Thunder é diferente de tudo que já usei. Visual marcante e material de primeira.","2024-11-28","caterpillar-thunder-1"
"Fernanda Lima","5","Comprei para substituir um tênis desgastado e o Thunder superou em tudo. Excelente produto.","2025-03-31","caterpillar-thunder-1"
"Eduardo Barbosa","5","O Thunder é meu tênis favorito agora. Robusto, estiloso e com a qualidade que a Cat entrega.","2025-05-02","caterpillar-thunder-1"
"Roberto Alves","5","Produto de alta qualidade com design diferenciado. O Thunder é único e vale o investimento.","2025-12-03","caterpillar-thunder-1"
"Davi Souza","5","O Thunder tem uma construção sólida que não decepciona. Qualidade Caterpillar em cada detalhe.","2025-10-13","caterpillar-thunder-1"
"Aline Carvalho","5","Muito bom o Thunder. A palmilha é confortável e o solado é resistente para uso diário intenso.","2024-09-08","caterpillar-thunder-1"
"Beatriz Rocha","4","O Caterpillar Thunder é a escolha certa para quem quer estilo e qualidade juntos. Produto incrível.","2025-08-18","caterpillar-thunder-1"
"Ana Oliveira","4","Comprei o Thunder preto e ficou sensacional. Combina com tudo e o material é premium.","2024-01-12","caterpillar-thunder-1"
"Bianca Ferreira","5","Produto excelente para uso diário. O Thunder une conforto, estilo e durabilidade perfeitamente.","2024-12-17","caterpillar-thunder-1"
"Evandro Pires","4","O John Deere All Terrain é para quem precisa de um tênis de verdade. Robusto e muito confortável.","2025-04-01","tenis-john-deere-all-terrain-goodyear-1"
"Marcos Souza","5","Comprei o John Deere All Terrain e o solado é impressionante. Aderência real em qualquer superfície.","2025-05-08","tenis-john-deere-all-terrain-goodyear-1"
"Juliana Costa","5","O design do John Deere All Terrain é marcante. Material resistente e conforto para longas jornadas.","2024-02-18","tenis-john-deere-all-terrain-goodyear-1"
"Beatriz Rocha","5","Muito satisfeito com o John Deere All Terrain. Produto robusto com qualidade acima da média.","2024-12-31","tenis-john-deere-all-terrain-goodyear-1"
"Márcio Rocha","5","Produto de alta qualidade. O John Deere All Terrain tem acabamento excelente e durabilidade real.","2025-03-25","tenis-john-deere-all-terrain-goodyear-1"
"Monique Dias","5","O John Deere All Terrain superou minhas expectativas. Resistente, confortável e muito bem feito.","2026-02-01","tenis-john-deere-all-terrain-goodyear-1"
"Aline Carvalho","5","Comprei para usar no trabalho ao ar livre e o John Deere All Terrain atende perfeitamente.","2024-01-30","tenis-john-deere-all-terrain-goodyear-1"
"Natália Borges","5","O John Deere All Terrain tem um solado que impressiona. Aderência e resistência excepcionais.","2025-01-27","tenis-john-deere-all-terrain-goodyear-1"
"Davi Souza","5","Produto excelente. O John Deere All Terrain une estilo e resistência para quem usa de verdade.","2025-09-28","tenis-john-deere-all-terrain-goodyear-1"
"Lucas Ferreira","5","Muito bom o John Deere All Terrain. A qualidade do material é superior e o conforto é real.","2025-02-01","tenis-john-deere-all-terrain-goodyear-1"
"Paulo Figueiredo","5","O John Deere All Terrain chegou perfeito. A qualidade é evidente e o solado é muito resistente.","2025-02-22","tenis-john-deere-all-terrain-goodyear-1"
"Ana Oliveira","5","Comprei para trabalho em campo e o John Deere All Terrain superou todas as expectativas.","2025-05-05","tenis-john-deere-all-terrain-goodyear-1"
"Rafael Gomes","5","O John Deere All Terrain tem uma construção sólida para quem usa em ambientes exigentes.","2026-05-18","tenis-john-deere-all-terrain-goodyear-1"
"Letícia Campos","4","Muito satisfeito com a compra. O John Deere All Terrain é exatamente o que eu precisava.","2025-02-28","tenis-john-deere-all-terrain-goodyear-1"
"Sabrina Cardoso","5","O design do John Deere All Terrain é funcional e estiloso. Um tênis feito para a realidade.","2025-09-07","tenis-john-deere-all-terrain-goodyear-1"
"Fernanda Lima","4","Produto de qualidade inquestionável. O John Deere All Terrain tem tudo que eu procurava.","2025-02-10","tenis-john-deere-all-terrain-goodyear-1"
"Renata Moreira","5","O John Deere All Terrain é versátil. Uso tanto no campo quanto na cidade sem nenhum problema.","2025-06-27","tenis-john-deere-all-terrain-goodyear-1"
"Isabela Pinto","5","Comprei e uso com frequência. O John Deere All Terrain mantém o conforto mesmo em uso intenso.","2024-10-12","tenis-john-deere-all-terrain-goodyear-1"
"Thiago Pereira","5","Muito bom o John Deere All Terrain. O solado Goodyear é um diferencial enorme na aderência.","2026-04-15","tenis-john-deere-all-terrain-goodyear-1"
"Nelson Martins","5","O John Deere All Terrain com solado Goodyear é o tênis ideal para ambientes exigentes.","2025-11-10","tenis-john-deere-all-terrain-goodyear-1"
"Henrique Melo","5","Produto top! O John Deere All Terrain tem resistência e conforto que impressionam.","2026-05-25","tenis-john-deere-all-terrain-goodyear-1"
"Camila Ribeiro","4","O solado Goodyear do John Deere All Terrain é o que faz a diferença. Aderência incomparável.","2026-01-07","tenis-john-deere-all-terrain-goodyear-1"
"Gustavo Lopes","4","Comprei no tamanho 43 e serviu perfeitamente. O John Deere All Terrain é confortável desde o início.","2024-06-04","tenis-john-deere-all-terrain-goodyear-1"
"Simone Alves","5","O design robusto do John Deere All Terrain é ideal para quem usa de verdade. Material excelente.","2025-10-19","tenis-john-deere-all-terrain-goodyear-1"
"Mariana Sousa","4","Muito satisfeito com o John Deere All Terrain. É o equilíbrio perfeito entre conforto e resistência.","2024-07-12","tenis-john-deere-all-terrain-goodyear-1"
"Cláudia Ribeiro","4","Produto bem construído. O John Deere All Terrain tem detalhes de qualidade em cada costura.","2025-12-18","tenis-john-deere-all-terrain-goodyear-1"
"Rodrigo Castro","5","O John Deere All Terrain é diferente de qualquer tênis que já usei. Resistência e conforto reais.","2024-04-30","tenis-john-deere-all-terrain-goodyear-1"
"Tatiane Machado","5","Comprei para substituir um tênis que não aguentava o trabalho. O John Deere All Terrain resolve.","2025-03-05","tenis-john-deere-all-terrain-goodyear-1"
"Alexandre Costa","5","O John Deere All Terrain é meu favorito para trabalho ao ar livre. Robusto, confortável e durável.","2026-03-15","tenis-john-deere-all-terrain-goodyear-1"
"Felipe Teixeira","5","Produto de alta qualidade. O John Deere All Terrain com solado Goodyear é imbatível.","2025-06-04","tenis-john-deere-all-terrain-goodyear-1"
"Patricia Santos","4","O John Deere All Terrain tem uma construção que aguenta qualquer terreno. Qualidade incomparável.","2025-05-28","tenis-john-deere-all-terrain-goodyear-1"
"Diego Martins","5","Muito bom o John Deere All Terrain. A estrutura robusta e o conforto fazem dele um produto especial.","2026-01-12","tenis-john-deere-all-terrain-goodyear-1"
"Bianca Ferreira","5","O John Deere All Terrain é a escolha perfeita para uso intenso. Resistência e durabilidade reais.","2025-08-03","tenis-john-deere-all-terrain-goodyear-1"
"Sandro Vieira","4","Comprei o John Deere All Terrain para trabalho no campo e ele superou em tudo. Excelente produto.","2025-02-10","tenis-john-deere-all-terrain-goodyear-1"
"Carlos Silva","5","Produto excelente. O John Deere All Terrain une robustez e conforto para uso diário intenso.","2026-04-28","tenis-john-deere-all-terrain-goodyear-1"
"Márcio Rocha","5","O Wond tem um design único e material de altíssima qualidade. Um tênis com personalidade.","2024-04-29","tenis-caterpillar-wond-preto-1"
"Aline Carvalho","5","Comprei o Wond e fiquei impressionado com o acabamento. É um produto Caterpillar de verdade.","2025-03-07","tenis-caterpillar-wond-preto-1"
"Beatriz Rocha","5","O design do Wond é diferenciado. Solado resistente, material premium e conforto real.","2026-01-14","tenis-caterpillar-wond-preto-1"
"Camila Ribeiro","4","Muito satisfeito com o Wond. O tênis tem uma presença marcante e o material é impecável.","2025-04-01","tenis-caterpillar-wond-preto-1"
"Renata Moreira","4","Produto de alta qualidade. O Wond tem acabamento excelente e o conforto é notável no dia a dia.","2025-04-26","tenis-caterpillar-wond-preto-1"
"Ana Oliveira","4","O Caterpillar Wond superou minhas expectativas. Robusto, estiloso e muito bem construído.","2025-10-02","tenis-caterpillar-wond-preto-1"
"Felipe Teixeira","5","Comprei o Wond para usar no trabalho e no lazer. Atende os dois contextos com muito estilo.","2024-06-17","tenis-caterpillar-wond-preto-1"
"Eduardo Barbosa","4","O Wond tem um visual que destoa positivamente. Material de primeira e conforto excelente.","2025-08-08","tenis-caterpillar-wond-preto-1"
"Bianca Ferreira","5","Produto excelente. O Wond une estilo e resistência com perfeição. É o tênis que eu queria.","2024-08-28","tenis-caterpillar-wond-preto-1"
"Vanessa Freitas","5","Muito bom o Wond. A qualidade Caterpillar está presente em cada detalhe desse produto.","2024-02-23","tenis-caterpillar-wond-preto-1"
"Natália Borges","4","O Wond chegou no prazo e em perfeitas condições. A qualidade é evidente desde a embalagem.","2025-04-03","tenis-caterpillar-wond-preto-1"
"Bruno Mendes","5","Comprei para presentear e a pessoa ficou muito satisfeita. O Wond é um produto especial.","2025-11-23","tenis-caterpillar-wond-preto-1"
"Priscila Ramos","5","O Caterpillar Wond tem uma construção sólida que transmite confiança e durabilidade.","2025-05-18","tenis-caterpillar-wond-preto-1"
"Leandro Correia","4","Muito satisfeito com a compra. O Wond é exatamente o que eu precisava em termos de estilo.","2025-06-12","tenis-caterpillar-wond-preto-1"
"Juliana Costa","5","O design do Wond é moderno sem abrir mão da robustez. Um tênis com personalidade própria.","2025-09-20","tenis-caterpillar-wond-preto-1"
"Isabela Pinto","5","Produto de qualidade inquestionável. O Wond tem tudo que eu procurava: estilo e resistência.","2026-04-09","tenis-caterpillar-wond-preto-1"
"Larissa Nunes","5","O Wond é versátil e combina com vários looks. Material premium e acabamento impecável.","2024-12-27","tenis-caterpillar-wond-preto-1"
"Tatiane Machado","4","Comprei o Wond e uso diariamente. O conforto é excelente e o visual recebe elogios constantes.","2025-04-15","tenis-caterpillar-wond-preto-1"
"Rafael Gomes","5","Muito bom o Wond. O solado é robusto e oferece excelente aderência no dia a dia.","2025-11-12","tenis-caterpillar-wond-preto-1"
"Simone Alves","5","O Caterpillar Wond é para quem quer um tênis com personalidade. Design único e material excelente.","2024-07-30","tenis-caterpillar-wond-preto-1"
"Davi Souza","5","Produto top! O Wond tem um acabamento que você não encontra em tênis comuns. Vale muito.","2024-12-26","tenis-caterpillar-wond-preto-1"
"Fernanda Lima","4","O Wond tem um interior acolchoado que faz diferença no uso prolongado. Produto muito bem feito.","2026-03-09","tenis-caterpillar-wond-preto-1"
"Marcos Souza","5","Comprei no tamanho 41 e serviu perfeitamente. O Wond é confortável desde o primeiro momento.","2024-07-10","tenis-caterpillar-wond-preto-1"
"Gustavo Lopes","4","O design robusto do Wond reflete bem o DNA da Caterpillar. Material e acabamento de excelência.","2024-01-26","tenis-caterpillar-wond-preto-1"
"Sandro Vieira","5","Muito satisfeito com o Wond. É o equilíbrio perfeito entre estilo e conforto real.","2024-01-07","tenis-caterpillar-wond-preto-1"
"Patrícia Gomes","4","Produto bem construído. O Wond tem detalhes de qualidade que impressionam no dia a dia.","2024-10-15","tenis-caterpillar-wond-preto-1"
"Thiago Pereira","4","O Caterpillar Wond é diferente de tudo que já usei. Visual marcante e material de primeira.","2025-03-11","tenis-caterpillar-wond-preto-1"
"Daniela Araújo","5","Comprei para substituir um tênis desgastado e o Wond superou em tudo. Excelente produto.","2024-06-17","tenis-caterpillar-wond-preto-1"
"Carla Mendes","5","O Wond é meu tênis favorito agora. Robusto, estiloso e com a qualidade que a Caterpillar entrega.","2025-06-09","tenis-caterpillar-wond-preto-1"
"Patricia Santos","4","Produto de alta qualidade com design diferenciado. O Wond é único e vale muito o investimento.","2026-03-21","tenis-caterpillar-wond-preto-1"
"Henrique Melo","5","O Wond tem uma construção sólida que não decepciona. Qualidade Caterpillar em cada detalhe.","2025-11-12","tenis-caterpillar-wond-preto-1"
"Rodrigo Castro","5","Muito bom o Wond. A palmilha é confortável e o solado é resistente para uso diário intenso.","2025-02-27","tenis-caterpillar-wond-preto-1"
"Nelson Martins","4","O Caterpillar Wond é a escolha certa para quem quer estilo e qualidade juntos. Produto incrível.","2024-02-11","tenis-caterpillar-wond-preto-1"
"Cristiane Monteiro","4","Comprei o Wond preto e ficou sensacional. Combina com tudo e o material é de alta qualidade.","2025-07-03","tenis-caterpillar-wond-preto-1"
"Letícia Campos","5","Produto excelente para uso diário. O Wond une conforto, estilo e durabilidade com perfeição.","2024-03-17","tenis-caterpillar-wond-preto-1"
"Rafael Gomes","4","O Hexuy é um tênis com design marcante e material de altíssima qualidade. Recomendo muito.","2024-06-21","tenis-caterpillar-hexuy-1"
"Evandro Pires","5","Comprei o Hexuy e fiquei impressionado com o acabamento. É um produto Caterpillar de verdade.","2026-03-19","tenis-caterpillar-hexuy-1"
"Fábio Nascimento","5","O design do Hexuy é único. Solado resistente, material premium e conforto desde o primeiro uso.","2025-12-07","tenis-caterpillar-hexuy-1"
"Fernanda Lima","5","Muito satisfeito com o Hexuy. O tênis tem uma presença marcante e o material é impecável.","2025-02-14","tenis-caterpillar-hexuy-1"
"Priscila Ramos","4","Produto de alta qualidade. O Hexuy tem acabamento excelente e o conforto é notável no dia a dia.","2024-07-05","tenis-caterpillar-hexuy-1"
"Diego Martins","5","O Caterpillar Hexuy superou minhas expectativas. Robusto, estiloso e muito bem construído.","2024-12-23","tenis-caterpillar-hexuy-1"
"Paulo Figueiredo","4","Comprei o Hexuy para usar no trabalho e no lazer. Atende os dois contextos com muito estilo.","2024-01-25","tenis-caterpillar-hexuy-1"
"Leandro Correia","5","O Hexuy tem um visual que destoa positivamente do convencional. Material de primeira qualidade.","2025-04-01","tenis-caterpillar-hexuy-1"
"Daniela Araújo","5","Produto excelente. O Hexuy une estilo e resistência com perfeição. É o tênis que eu queria.","2025-10-07","tenis-caterpillar-hexuy-1"
"Beatriz Rocha","5","Muito bom o Hexuy. A qualidade Caterpillar está presente em cada detalhe desse produto.","2024-05-20","tenis-caterpillar-hexuy-1"
"Tatiane Machado","5","O Hexuy chegou no prazo e em perfeitas condições. A qualidade é evidente desde a embalagem.","2025-01-08","tenis-caterpillar-hexuy-1"
"Camila Ribeiro","4","Comprei para presentear e a pessoa ficou muito feliz. O Hexuy é um presente e tanto.","2025-10-15","tenis-caterpillar-hexuy-1"
"Lucas Ferreira","4","O Caterpillar Hexuy tem uma construção sólida que transmite confiança e durabilidade.","2025-06-24","tenis-caterpillar-hexuy-1"
"Patrícia Gomes","4","Muito satisfeito com a compra. O Hexuy é exatamente o que eu precisava em um tênis estiloso.","2024-03-31","tenis-caterpillar-hexuy-1"
"Larissa Nunes","5","O design do Hexuy é moderno e chamativo. Um tênis com personalidade própria.","2025-11-10","tenis-caterpillar-hexuy-1"
"Felipe Teixeira","4","Produto de qualidade inquestionável. O Hexuy tem tudo que eu procurava: estilo e resistência.","2024-09-06","tenis-caterpillar-hexuy-1"
"Renata Moreira","4","O Hexuy é versátil e combina com vários looks. Material premium e acabamento impecável.","2024-11-23","tenis-caterpillar-hexuy-1"
"João Pedro Lima","5","Comprei o Hexuy e uso diariamente. O conforto é excelente e o visual recebe elogios constantes.","2024-02-28","tenis-caterpillar-hexuy-1"
"Thiago Pereira","4","Muito bom o Hexuy. O solado é robusto e oferece excelente aderência em qualquer superfície.","2024-08-08","tenis-caterpillar-hexuy-1"
"Rodrigo Castro","4","O Caterpillar Hexuy é para quem quer um tênis com personalidade. Design único e material excelente.","2025-07-04","tenis-caterpillar-hexuy-1"
"Simone Alves","4","Produto top! O Hexuy tem um acabamento que você não encontra em tênis comuns. Vale muito.","2024-12-06","tenis-caterpillar-hexuy-1"
"Bianca Ferreira","5","O Hexuy tem um interior acolchoado que faz diferença no uso prolongado. Produto muito bem feito.","2026-02-25","tenis-caterpillar-hexuy-1"
"Bruno Mendes","5","Comprei no tamanho 42 e serviu perfeitamente. O Hexuy é confortável desde o primeiro momento.","2024-11-16","tenis-caterpillar-hexuy-1"
"Nelson Martins","4","O design robusto do Hexuy reflete bem o DNA da Caterpillar. Material e acabamento de excelência.","2024-12-29","tenis-caterpillar-hexuy-1"
"Davi Souza","5","Muito satisfeito com o Hexuy. É o equilíbrio perfeito entre estilo e conforto no dia a dia.","2024-02-22","tenis-caterpillar-hexuy-1"
"Alexandre Costa","5","Produto bem construído. O Hexuy tem detalhes de qualidade que impressionam no dia a dia.","2026-02-22","tenis-caterpillar-hexuy-1"
"Carla Mendes","5","O Caterpillar Hexuy é diferente de tudo que já usei. Visual marcante e material de primeira.","2025-05-07","tenis-caterpillar-hexuy-1"
"Gustavo Lopes","5","Comprei para substituir um tênis desgastado e o Hexuy superou em tudo. Excelente produto.","2026-01-19","tenis-caterpillar-hexuy-1"
"Juliana Costa","4","O Hexuy é meu tênis favorito agora. Robusto, estiloso e com a qualidade que a Caterpillar entrega.","2024-08-13","tenis-caterpillar-hexuy-1"
"Natália Borges","5","Produto de alta qualidade com design diferenciado. O Hexuy é único e vale muito o investimento.","2025-11-24","tenis-caterpillar-hexuy-1"
"Monique Dias","5","O Hexuy tem uma construção sólida que não decepciona. Qualidade Caterpillar em cada detalhe.","2024-10-05","tenis-caterpillar-hexuy-1"
"Anderson Lima","5","Muito bom o Hexuy. A palmilha é confortável e o solado é resistente para uso diário intenso.","2024-04-22","tenis-caterpillar-hexuy-1"
"Sandro Vieira","5","O Caterpillar Hexuy é a escolha certa para quem quer estilo e qualidade juntos. Produto incrível.","2024-03-11","tenis-caterpillar-hexuy-1"
"Carlos Silva","5","Comprei o Hexuy preto e ficou sensacional. Combina com tudo e o material é de alta qualidade.","2024-07-19","tenis-caterpillar-hexuy-1"
"Henrique Melo","5","Produto excelente para uso diário. O Hexuy une conforto, estilo e durabilidade com perfeição.","2024-04-29","tenis-caterpillar-hexuy-1"
"Tatiane Machado","4","O Apashid é um tênis com design diferenciado e material de altíssima qualidade. Recomendo muito.","2025-12-04","tenis-caterpillar-apashid-1"
"Priscila Ramos","5","Comprei o Apashid e fiquei impressionado com o acabamento. É um produto Caterpillar de verdade.","2024-01-08","tenis-caterpillar-apashid-1"
"Rodrigo Castro","4","O design do Apashid é único. Solado resistente, material premium e conforto desde o primeiro uso.","2024-07-01","tenis-caterpillar-apashid-1"
"Felipe Teixeira","4","Muito satisfeito com o Apashid. O tênis tem uma presença marcante e o material é impecável.","2025-06-09","tenis-caterpillar-apashid-1"
"Davi Souza","5","Produto de alta qualidade. O Apashid tem acabamento excelente e o conforto é notável no dia a dia.","2025-09-28","tenis-caterpillar-apashid-1"
"Fernanda Lima","5","O Caterpillar Apashid superou minhas expectativas. Robusto, estiloso e muito bem construído.","2024-02-27","tenis-caterpillar-apashid-1"
"Beatriz Rocha","5","Comprei o Apashid para usar no trabalho e no lazer. Atende os dois contextos com muito estilo.","2024-11-22","tenis-caterpillar-apashid-1"
"Márcio Rocha","5","O Apashid tem um visual que destoa positivamente do convencional. Material de primeira qualidade.","2024-09-27","tenis-caterpillar-apashid-1"
"Eduardo Barbosa","5","Produto excelente. O Apashid une estilo e resistência com perfeição. É o tênis que eu queria.","2025-01-07","tenis-caterpillar-apashid-1"
"Gustavo Lopes","5","Muito bom o Apashid. A qualidade Caterpillar está presente em cada detalhe desse produto.","2025-06-18","tenis-caterpillar-apashid-1"
"Bianca Ferreira","4","O Apashid chegou no prazo e em perfeitas condições. A qualidade é evidente desde a embalagem.","2025-09-21","tenis-caterpillar-apashid-1"
"Bruno Mendes","4","Comprei para presentear e a pessoa ficou muito feliz. O Apashid é um presente e tanto.","2025-09-30","tenis-caterpillar-apashid-1"
"Marcos Souza","5","O Caterpillar Apashid tem uma construção sólida que transmite confiança e durabilidade.","2025-09-25","tenis-caterpillar-apashid-1"
"Patricia Santos","5","Muito satisfeito com a compra. O Apashid é exatamente o que eu precisava em um tênis estiloso.","2025-01-16","tenis-caterpillar-apashid-1"
"Carla Mendes","4","O design do Apashid é moderno e chamativo. Um tênis com personalidade própria.","2024-10-03","tenis-caterpillar-apashid-1"
"Vinícius Cunha","4","Produto de qualidade inquestionável. O Apashid tem tudo que eu procurava: estilo e resistência.","2025-07-09","tenis-caterpillar-apashid-1"
"Aline Carvalho","4","O Apashid é versátil e combina com vários looks. Material premium e acabamento impecável.","2025-03-30","tenis-caterpillar-apashid-1"
"Evandro Pires","4","Comprei o Apashid e uso diariamente. O conforto é excelente e o visual recebe elogios constantes.","2025-05-01","tenis-caterpillar-apashid-1"
"Paulo Figueiredo","4","Muito bom o Apashid. O solado é robusto e oferece excelente aderência em qualquer superfície.","2024-06-18","tenis-caterpillar-apashid-1"
"Thiago Pereira","5","O Caterpillar Apashid é para quem quer um tênis com personalidade. Design único e material excelente.","2025-07-02","tenis-caterpillar-apashid-1"
"Patrícia Gomes","4","Produto top! O Apashid tem um acabamento que você não encontra em tênis comuns. Vale muito.","2024-05-22","tenis-caterpillar-apashid-1"
"Sandro Vieira","5","O Apashid tem um interior acolchoado que faz diferença no uso prolongado. Produto muito bem feito.","2025-07-10","tenis-caterpillar-apashid-1"
"Mariana Sousa","4","Comprei no tamanho 41 e serviu perfeitamente. O Apashid é confortável desde o primeiro momento.","2024-10-27","tenis-caterpillar-apashid-1"
"Cristiane Monteiro","5","O design robusto do Apashid reflete bem o DNA da Caterpillar. Material e acabamento de excelência.","2025-04-24","tenis-caterpillar-apashid-1"
"Alexandre Costa","5","Muito satisfeito com o Apashid. É o equilíbrio perfeito entre estilo e conforto no dia a dia.","2024-02-05","tenis-caterpillar-apashid-1"
"Daniela Araújo","5","Produto bem construído. O Apashid tem detalhes de qualidade que impressionam no dia a dia.","2024-11-06","tenis-caterpillar-apashid-1"
"Henrique Melo","4","O Caterpillar Apashid é diferente de tudo que já usei. Visual marcante e material de primeira.","2025-01-24","tenis-caterpillar-apashid-1"
"Camila Ribeiro","4","Comprei para substituir um tênis desgastado e o Apashid superou em tudo. Excelente produto.","2026-03-31","tenis-caterpillar-apashid-1"
"Carlos Silva","4","O Apashid é meu tênis favorito agora. Robusto, estiloso e com a qualidade que a Caterpillar entrega.","2025-06-25","tenis-caterpillar-apashid-1"
"Larissa Nunes","4","Produto de alta qualidade com design diferenciado. O Apashid é único e vale muito o investimento.","2024-10-07","tenis-caterpillar-apashid-1"
"Rafael Gomes","5","O Apashid tem uma construção sólida que não decepciona. Qualidade Caterpillar em cada detalhe.","2025-02-17","tenis-caterpillar-apashid-1"
"Isabela Pinto","5","Muito bom o Apashid. A palmilha é confortável e o solado é resistente para uso diário intenso.","2025-05-17","tenis-caterpillar-apashid-1"
"Nelson Martins","4","O Caterpillar Apashid é a escolha certa para quem quer estilo e qualidade juntos. Produto incrível.","2024-11-09","tenis-caterpillar-apashid-1"
"Cláudia Ribeiro","5","Comprei o Apashid preto e ficou sensacional. Combina com tudo e o material é de alta qualidade.","2026-01-31","tenis-caterpillar-apashid-1"
"João Pedro Lima","4","Produto excelente para uso diário. O Apashid une conforto, estilo e durabilidade com perfeição.","2024-05-15","tenis-caterpillar-apashid-1"